Title,Brand,RAM,HDD,CPU Model,Screen Size,Graphics,Rating,Price
"HP Laptop 39.6 cm (15.6) 15s-fq5329TU, Silver",HP,8 GB,512 GB,i5,15.6,Intel,4.2,"₹51,846"
"HP Laptop 39.6 cm (15.6) 15-fd0221TU, Silver",HP,16 GB,512 GB,i5,15.6,Intel,4.4,"₹62,499"
"HP Laptop 39.6 cm (15.6) 15-fc0156AU, Silver",HP,16 GB,512 GB,Ryzen™ 5,15.6,AMD,4.3,"₹48,999"
"HP OMEN 40.9 cm (16.1) Gaming Laptop 16-xd0020AX, Black",HP,8GB,16 GB,Ryzen™ 7,16.1,Nvidia,4.5,"₹119,999"
"HP Laptop 39.6 cm (15.6) 15-fc0155AU, Silver",HP,8 GB,512 GB,Ryzen™ 5,15.6,AMD,4.3,"₹45,999"
"HP Envy x360 35.6 cm (14) 2-in-1 Laptop 14-fc0100TU, Blue",HP,32 GB,1TB,Ultra 7,14,Intel,4.0,"₹136,999"
"HP Laptop 39.6 cm (15.6) 15s-fq5331TU, Silver",HP,8 GB,1 TB,i5,15.6,Intel,4.2,"₹56,999"
"HP Envy x360 35.6 cm (14) 2-in-1 Laptop 14-fc0078TU, Blue",HP,16 GB,512 GB,Ultra 5,14,Intel,4.0,"₹107,999"
"HP Envy x360 35.6 cm (14) 2-in-1 Laptop 14-fc0106TU, Silver",HP,16 GB,512 GB,Ultra 7,14,Intel,4.0,"₹111,999"
"HP Spectre x360 40.6 cm (16) 2-in-1 Laptop OLED 16-aa0665TU, Black",HP,32 GB,2 TB,Ultra 7,16,Intel,4.8,"₹186,999"
"HP Envy x360 35.6 cm (14) 2-in-1 Laptop 14-fa0038AU, Silver",HP,16 GB,512GB,Ryzen™ 5,14,AMD,4.0,"₹89,999"
"HP Spectre x360 40.6 cm (16) 2-in-1 Laptop OLED 16-aa0664TX, Blue",HP,32 GB,1 TB,Ultra 7,16,Nvidia,4.0,"₹200,999"
"HP OMEN Transcend 35.6 cm (14) Gaming Laptop 14-fb0007TX, Black",HP,16 GB,1 TB,Ultra 7,14,Nvidia,4.3,"₹160,506"
"HP Laptop 39.6 cm (15.6) 15-fd1095TU, Silver",HP,8 GB,512 GB,Core™ 3,15.6,Intel,3.0,"₹49,999"
"HP Envy x360 35.6 cm (14) 2-in-1 Laptop 14-fc0105TU, Silver",HP,16 GB,512 GB,Ultra 5,14,Intel,4.0,"₹99,999"
"HP Spectre x360 35.6 cm (14) 2-in-1 Laptop OLED 14-eu0556TU, Blue",HP,32 GB,1 TB,Ultra 7,14,Intel,4.1,"₹170,499"
"HP Laptop 39.6 cm (15.6) 15-fd1097TU, Silver",HP,16 GB,512 GB,Core™ 5,15.6,Intel,0.0,"₹69,999"
"HP Laptop 39.6 cm (15.6) 15-fd1100TU, Silver",HP,16 GB,512 GB,Core™ 7,15.6,Intel,2.0,"₹79,999"
"HP Laptop 39.6 cm (15.6) 15-fd1096TU, Silver",HP,8 GB,512 GB,Core™ 5,15.6,Intel,0.0,"₹66,999"
"HP Envy x360 35.6 cm (14) 2-in-1 Laptop 14-fa0052AU, Silver",HP,16 GB,512GB,Ryzen™ 7,14,AMD,4.0,"₹99,999"
"HP Laptop 39.6 cm (15.6) 15s-eq2143AU, Silver",HP,8 GB,512 GB,Ryzen™ 3,15.6,AMD,4.2,"₹35,999"
"HP Laptop 39.6 cm (15.6) 15s-fq5328TU, Silver",HP,8 GB,1 TB,i3,15.6,Intel,4.2,"₹42,521"
"HP Envy x360 39.6 cm (15.6) 2-in-1 Laptop 15-fe0028TU, Black",HP,16 GB,512 GB,i5,15.6,Intel,4.3,"₹98,999"
"HP Laptop 35.6 cm (14) 14s-dq5138TU, Silver",HP,8 GB,512 GB,i3,14,Intel,4.3,"₹42,999"
"HP Laptop 39.6 cm (15.6) 15-fd0006TU, Silver",HP,8 GB,512 GB,i3,15.6,Intel,4.4,"₹46,999"
"HP Laptop 39.6 cm (15.6) 15s-fq5327TU, Silver",HP,8 GB,512 GB,i3,15.6,Intel,4.2,"₹41,999"
"HP Victus 40.9 cm (16.1) Gaming Laptop 16-s0095AX, Blue",HP,16 GB,512 GB,Ryzen™ 7,16.1,Nvidia,4.5,"₹84,999"
"HP Laptop 39.6 cm (15.6) 15-fc0029AU, Silver",HP,8 GB,512 GB,Ryzen™ 5,15.6,AMD,4.3,"₹49,999"
"HP Laptop 39.6 cm (15.6) 15-hr0000TU, Silver",HP,8 GB,512 GB,i5,15.6,Intel,4.4,"₹61,999"
"HP Victus 40.9 cm (16.1) Gaming Laptop 16, Blue",HP,16 GB,1 TB,Ryzen™ 7,16.1,Nvidia,4.5,"₹98,999"
"HP Laptop 39.6 cm (15.6) 15-fd0021TU, Blue",HP,8 GB,512 GB,i5,15.6,Intel,4.4,"₹59,999"
"HP Laptop 39.6 cm (15.6) 15-fd0011TU, Silver",HP,8 GB,512 GB,i5,15.6,Intel,4.4,"₹59,999"
"HP Laptop 39.6 cm (15.6) 15s-eq2144AU, Silver",HP,8 GB,512 GB,Ryzen™ 5,15.6,AMD,4.2,"₹43,999"
"HP Laptop 39.6 cm (15.6) 15s-eq2223AU, Silver",HP,8 GB,512 GB,Ryzen™ 5,15.6,AMD,4.2,"₹41,078"
"HP Laptop 39.6 cm (15.6) 15-fd0022TU, White",HP,8 GB,512 GB,i5,15.6,Intel,4.4,"₹59,999"
"HP OMEN 40.9 cm (16.1) Gaming Laptop 16, Black",HP,16 GB,1 TB,Ryzen™ 7,16.1,Nvidia,4.5,"₹133,999"
"HP OMEN 40.9 cm (16.1) Gaming Laptop 16, Black",HP,32 GB,1 TB,Ryzen™ 9,16.1,Nvidia,4.5,"₹179,999"
"HP OMEN Transcend 35.6 cm (14) Gaming Laptop 14, Black",HP,8GB,32 GB,Ultra 9,14,Nvidia,4.3,"₹209,999"
"HP OMEN 40.9 cm (16.1) Gaming Laptop 16, Black",HP,8GB,32 GB,i9,16.1,Nvidia,4.1,"₹209,999"
"HP OMEN 40.9 cm (16.1) Gaming Laptop 16-xf0100AX, Black",HP,8GB,16 GB,Ryzen™ 9,16.1,Nvidia,4.5,"₹165,506"
"HP Pavilion 35.6 cm (14) Laptop 14-dv2053TU, Silver",HP,8 GB,512 GB,i5,14,Intel,4.0,"₹56,999"
"HP Pavilion 35.6 cm (14) Laptop 14-dv2015TU, Silver",HP,16 GB,1 TB,i7,14,Intel,4.0,"₹76,999"
"HP Pavilion Plus 35.6 cm (14) Laptop 14-ew0116TU, Silver",HP,16 GB,512 GB,i5,14,Intel,4.5,"₹72,999"
"HP Pavilion 35.6 cm (14) Laptop 14-dv2014TU, Silver",HP,16 GB,512 GB,i5,14,Intel,4.0,"₹61,999"
"HP Laptop 39.6 cm (15.6) 15s-fq5326TU, Silver",HP,8 GB,512 GB,i3,15.6,Intel,4.2,"₹40,326"
"HP Pavilion x360 35.6 cm (14) 2-in-1 Laptop 14-ek1010TU, Silver",HP,16 GB,1 TB,i5,14,Intel,4.5,"₹81,999"
"HP Pavilion Plus 35.6 cm (14) Laptop 14-ew0153TU, Silver",HP,16 GB,1 TB,i7,14,Intel,4.5,"₹94,999"
"HP Pavilion x360 35.6 cm (14) 2-in-1 Laptop 14-ek1009TU, Gold",HP,16 GB,1 TB,i5,14,Intel,4.5,"₹81,999"
"HP Pavilion x360 35.6 cm (14) 2-in-1 Laptop 14-ek1021TU, Silver",HP,16 GB,512 GB,i7,14,Intel,4.5,"₹91,999"
"HP Pavilion 39.6 cm (15.6) Laptop 15-eg3036TU, Silver",HP,16 GB,1 TB,i7,15.6,Intel,4.4,"₹89,999"
"HP Pavilion 35.6 cm (14) Laptop 14-dv2041TU, Silver",HP,16 GB,512 GB,i5,14,Intel,4.0,"₹63,499"
"HP Pavilion Plus 35.6 cm (14) Laptop 14-ey0789AU, Silver",HP,16 GB,NA,Ryzen™ 7,NA,AMD,4.2,"₹79,999"
"HP Pavilion x360 35.6 cm (14) 2-in-1 Laptop 14-ek1020TU, Gold",HP,16 GB,512 GB,i7,14,Intel,4.5,"₹91,999"
"HP Laptop 39.6 cm (15.6) 15s-eq2304AU, Silver",HP,8 GB,512 GB,Ryzen™ 5,15.6,AMD,4.2,"₹42,729"
"HP Pavilion 39.6 cm (15.6) Laptop 15-eg3027TU, Silver",HP,16 GB,512 GB,i5,15.6,Intel,4.4,"₹71,999"
"HP Victus 39.6 cm (15.6) Gaming Laptop 15-fb0147AX, Blue",HP,8 GB,512 GB,Ryzen™ 5,15.6,AMD,4.3,"₹50,649"
"HP Pavilion 40.6 cm (16) Laptop 16-af0015TU, Silver",HP,16 GB,512 GB,Ultra 5,16,Intel,4.4,"₹80,999"
"HP Pavilion Plus 35.6 cm (14) Laptop 14-ew1082TU, Blue",HP,16 GB,512 GB,Ultra 5,14,Intel,4.9,"₹87,999"
HP Pavilion Laptop 16-ag0019AU,HP,16 GB,NA,Ryzen™ 5,NA,AMD,4.4,"₹69,999"
"HP Pavilion Plus 40.6 cm (16) Laptop 16-ab0456TX, Silver",HP,6GB,16 GB,i7,16,Nvidia,3.9,"₹118,999"
"HP Pavilion 39.6 cm (15.6) Laptop 15-eh3039AU, Silver",HP,16 GB,512 GB,Ryzen™ 5,15.6,AMD,4.5,"₹59,999"
"HP Pavilion Plus Laptop 35.6 cm (14) 14-ew0114TU, Silver",HP,16 GB,512 GB,i5,14,Intel,5.0,"₹72,999"
"HP Pavilion x360 35.6 cm (14) 2-in-1 Laptop 14-ek1074TU, Silver",HP,16 GB,512 GB,i5,14,Intel,4.5,"₹79,999"
"HP Pavilion x360 35.6 cm (14) 2-in-1 Laptop 14-ek2033TU, Silver",HP,8 GB,512 GB,Core™ 3,14,Intel,0.0,"₹66,999"
"HP Pavilion 40.6 cm (16) Laptop 16-af0028TU, Silver",HP,16 GB,512 GB,Ultra 7,16,Intel,4.4,"₹93,999"
"HP ZBook Firefly 40.6 cm (16) G11 Mobile Workstation PC, Silver",HP,32 GB,1 TB,Ultra 7,16,Intel,0.0,"₹149,999"
HP EliteBook 840 35.6 cm (14) G11 Business Laptop PC,HP,16 GB,1 TB,Ultra 7,14,Intel,4.7,"₹129,999"
HP ZBook Firefly 35.6 cm (14) G11 Mobile Workstation PC,HP,32 GB,1 TB,Ultra 7,14,Nvidia,5.0,"₹164,999"
HP ZBook Firefly 40.6 cm (16) G11 Mobile Workstation PC,HP,32 GB,1 TB,Ultra 7,16,Nvidia,5.0,"₹165,999"
HP Elite x360 830 33.8 cm (13) G11 2-in-1 Business Laptop PC,HP,32 GB,1 TB,Ultra 7,13.3,Intel,4.5,"₹178,999"
HP ZBook Firefly 35.6 cm (14) G11 Mobile Workstation PC,HP,16 GB,512 GB,Ultra 7,14,Intel,0.0,"₹115,999"
"HP EliteBook 845 35.6 cm (14) G10 Business Laptop, Silver",HP,16 GB,512 GB,Ryzen™ 7,14,AMD,4.3,"₹106,499"
"HP Elitebook Ultra 35.6 cm (14) G1q Business Laptop AI PC, Blue",HP,16 GB,1 TB,NA,14,Other,5.0,"₹168,999"
HP ZBook Firefly 35.6 cm (14) G11 Mobile Workstation PC,HP,16 GB,512 GB,Ultra 5,14,Intel,0.0,"₹79,999"
HP ZBook Firefly 40.6 cm (16) G11 Mobile Workstation PC,HP,16 GB,1 TB,Ultra 7,16,Intel,4.0,"₹141,999"
HP EliteBook 1040 35.6 cm (14) G11 Business Laptop PC,HP,16 GB,1 TB,Ultra 7,14,Intel,4.0,"₹168,999"
HP ZBook Power 39.6 cm (15.6) G10 Mobile Workstation PC,HP,32 GB,1 TB,i9,15.6,Nvidia,4.5,"₹238,199"
"HP ZBook Firefly 35.6 cm (14) G11 Mobile Workstation PC, Silver",HP,16 GB,1 TB,Ultra 7,14,Nvidia,0.0,"₹156,999"
HP ZBook Firefly 35.6 cm (14) G11 Mobile Workstation PC,HP,16 GB,512 GB,Ultra 5,14,Intel,0.0,"₹92,999"
HP ZBook Power 40.6 cm (16) G11 Mobile Workstation PC,HP,16 GB,1 TB,Ultra 7,16,Nvidia,0.0,"₹181,999"
HP EliteBook 640 35.6 cm (14) G9 Business Laptop PC,HP,16 GB,NA,i5,14,Intel,4.6,"₹98,999"
HP ZBook Firefly 35.6 cm (14) G11 Mobile Workstation PC,HP,16 GB,512 GB,Ultra 7,14,Intel,0.0,"₹102,999"
HP ZBook Power 40.6 cm (16) G11 Mobile Workstation PC,HP,32 GB,1 TB,Ultra 7,16,Nvidia,0.0,"₹204,999"
HP ZBook Power 40.6 cm (16) G11 Mobile Workstation PC,HP,32 GB,1 TB,Ultra 7,16,Nvidia,0.0,"₹223,999"
"HP ZBook Fury 40.6 cm (16) G10 Mobile Workstation PC, Silver",HP,32 GB,1 TB,i9,16,Nvidia,0.0,"₹495,999"
"HP ZBook Firefly 35.6 cm (14) G10 A Mobile Workstation PC, Silver",HP,16 GB,512 GB,Ryzen™ 5,14,AMD,0.0,"₹99,999"
"HP ZBook Firefly 35.6 cm (14) G10 A Mobile Workstation PC, Silver",HP,32 GB,1 TB,Ryzen™ 9,14,AMD,1.0,"₹157,999"
"HP ZBook Fury 40.6 cm (16) G10 Mobile Workstation PC, Silver",HP,32 GB,1 TB,i9,16,Nvidia,3.0,"₹379,999"
"HP ZBook Studio 40.6 cm (16) G10 Mobile Workstation PC, Silver",HP,32 GB,1 TB,i9,16,Nvidia,5.0,"₹413,999"
HP EliteBook 640 35.6 cm (14) G9 Business Laptop PC,HP,16 GB,NA,i5,14,Intel,4.6,"₹94,499"
HP ZBook Firefly 35.6 cm (14) G11 Mobile Workstation PC,HP,16 GB,1 TB,Ultra 5,14,Intel,5.0,"₹125,999"
"HP ZBook Firefly 35.6 cm (14) G11 Mobile Workstation PC, Silver",HP,16 GB,1 TB,Ultra 7,14,Intel,0.0,"₹140,999"
"HP ZBook Firefly 35.6 cm (14) G10 A Mobile Workstation PC, Silver",HP,16 GB,1 TB,Ryzen™ 9,14,AMD,0.0,"₹147,999"
HP ZBook Firefly 40.6 cm (16) G11 Mobile Workstation PC,HP,16 GB,1 TB,Ultra 7,16,Nvidia,0.0,"₹157,999"
HP ZBook Power 40.6 cm (16) G11 Mobile Workstation PC,HP,32 GB,1 TB,Ultra 7,16,Nvidia,0.0,"₹189,999"
HP ZBook Power 40.6 cm (16) G11 Mobile Workstation PC,HP,16 GB,1 TB,Ultra 7,16,Nvidia,0.0,"₹196,999"
HP ZBook Power 39.6 cm (15.6) G10 A Mobile Workstation PC,HP,32 GB,1 TB,Ryzen™ 9,15.6,Nvidia,0.0,"₹204,999"
"HP ZBook Power 39.6 cm (15.6) G10 A Mobile Workstation PC, Silver",HP,16 GB,1 TB,Ryzen™ 9,15.6,Nvidia,0.0,"₹219,999"
HP ZBook Power 40.6 cm (16) G11 Mobile Workstation PC,HP,32 GB,1 TB,Ultra 9,16,Nvidia,0.0,"₹246,999"
HP ZBook Fury 40.6 cm (16) G10 Mobile Workstation PC,HP,32 GB,1 TB,i7,16,Nvidia,0.0,"₹331,499"
"HP ZBook Studio 40.6 cm (16) G10 Mobile Workstation PC, Silver",HP,32 GB,1 TB,i9,16,Nvidia,5.0,"₹351,999"
HP ZBook Studio 40.64cm (16) G10 Mobile Workstation PC,HP,32 GB,1 TB,i7,16,Nvidia,0.0,"₹365,499"
HP ZBook Fury 40.6 cm (16) G10 Mobile Workstation PC,HP,32 GB,1 TB,i9,16,Nvidia,0.0,"₹412,999"
HP ZBook Studio 40.64cm (16) G10 Mobile Workstation PC,HP,32 GB,2 TB,i9,16,Nvidia,5.0,"₹419,499"
"HP ZBook Fury 40.6 cm (16) G10 Mobile Workstation PC, Silver",HP,32 GB,1 TB,i7,16,Nvidia,0.0,"₹457,999"
"HP Victus 39.6 cm (15.6) Gaming Laptop 15-fa1414TX, Blue",HP,4GB,16 GB,i7,15.6,Nvidia,0.0,"₹86,263"
"HP Victus 39.6 cm (15.6) Gaming Laptop 15-fa1422TX, Silver",HP,4GB,8 GB,i5,15.6,Nvidia,0.0,"₹67,093"
"HP Victus 39.6 cm (15.6) Gaming Laptop 15-fa1413TX, Blue",HP,4GB,16 GB,i5,15.6,Nvidia,0.0,"₹76,678"
"HP Victus 39.6 cm (15.6) Gaming Laptop 15-fa1415TX, Blue",HP,4GB,16 GB,i7,15.6,Nvidia,0.0,"₹82,000"
"HP Victus 39.6 cm (15.6) Gaming Laptop 15-fa1312TX, Silver",HP,4GB,8 GB,i5,15.6,Nvidia,4.3,"₹58,719"
"HP OMEN 40.9 cm (16.1) Gaming Laptop 16, Black",HP,32 GB,1 TB,Ryzen™ 7,16.1,Nvidia,4.5,"₹133,999"
"HP OMEN 40.9 cm (16.1) Gaming Laptop 16, Black",HP,16 GB,1 TB,Ryzen™ 7,16.1,Nvidia,4.5,"₹104,999"
"HP Victus 39.6 cm (15.6) Gaming Laptop 15-fa1317TX, Blue",HP,6GB,16 GB,i5,15.6,Nvidia,4.3,"₹85,500"
HP 250 39.6 cm (15.6) G9 Business Laptop PC,HP,8 GB,NA,Celeron,15.6,Intel,4.6,"₹27,999"
"HP Victus 39.6 cm (15.6) Gaming Laptop 15-fb0050AX, Silver",HP,8 GB,512 GB,Ryzen™ 5,15.6,Nvidia,4.3,"₹59,549"
"HP OMEN 40.9 cm (16.1) Gaming Laptop 16-wd0011TX, Black",HP,6GB,16 GB,i7,16.1,Nvidia,4.1,"₹121,999"
"HP Laptop 39.6 cm (15.6) 15-fd1099TU, Silver",HP,16 GB,512 GB,i5,15.6,Intel,4.3,"₹72,999"
HP 240 35.6 cm (14) G9 Business Laptop PC,HP,8 GB,NA,i5,14,Intel,3.9,"₹63,999"
"HP ProBook 440 35.6 cm (14) G9 Business Laptop, Silver",HP,16 GB,512 GB,i5,14,Intel,4.4,"₹87,499"
"HP Victus 40.9 cm (16.1) Gaming Laptop 16, Blue",HP,16 GB,1 TB,Ryzen™ 7,16.1,Nvidia,4.5,"₹82,999"
"HP ProBook 440 35.6 cm (14) G9 Business Laptop, Silver",HP,16 GB,512 GB,i5,14,Intel,4.4,"₹87,499"
"HP Victus 40.9 cm (16.1) Gaming Laptop 16, Blue",HP,16 GB,1 TB,Ryzen™ 7,16.1,Nvidia,4.5,"₹82,999"
"HP Victus 39.6 cm (15.6) Gaming Laptop 15-fa1332TX, Silver",HP,6GB,16 GB,i7,15.6,Nvidia,4.3,"₹104,999"
"HP Envy x360 33.8 cm (13.3) 2-in-1 Laptop 13-bf0121TU, Silver",HP,16 GB,512 GB,i5,13.3,Intel,4.3,"₹89,999"
"HP OMEN 40.9 cm (16.1) Gaming Laptop 16-wf1096TX, Black",HP,8GB,16 GB,i7,16.1,Nvidia,4.6,"₹142,999"
HP 240R 35.6 cm (14) G9 Business Laptop PC,HP,16 GB,NA,i5,14,Intel,0.0,"₹64,999"
"HP Victus 39.6 cm (15.6) Gaming Laptop 15-fa1278TX, Blue",HP,6GB,16 GB,i5,15.6,Nvidia,4.3,"₹82,238"
"HP Victus 39.6 cm (15.6) Gaming Laptop 15-fb0108AX, Silver",HP,8 GB,512 GB,Ryzen™ 5,15.6,AMD,4.3,"₹53,419"
"HP Victus 39.6 cm (15.6) Gaming Laptop 15, Silver",HP,16 GB,1 TB,Ryzen™ 5,15.6,Nvidia,4.3,"₹66,999"
"HP ProBook 450 39.6 cm (15.6) G9 Business Laptop, Silver",HP,16 GB,1 TB,i5,15.6,Intel,4.4,"₹89,999"
"HP OMEN 40.9 cm (16.1) Gaming Laptop 16, Black",HP,6 GB,16 GB,Ryzen™ 7,16.1,Nvidia,4.5,"₹101,999"
"HP Laptop 39.6 cm (15.6) 15-fd0111TU, Silver",HP,16 GB,512 GB,i5,15.6,Intel,4.4,"₹55,999"
HP ProBook 445 35.6 cm (14) G10 Business Laptop PC,HP,16 GB,NA,Ryzen™ 5,14,AMD,4.6,"₹68,999"
"HP Spectre x360 40.6 cm (16) 2-in-1 Laptop 16-aa0015TU, Black",HP,16 GB,1 TB,Ultra 7,16,Intel,4.8,"₹157,499"
"HP Chromebook X360 35.6 cm (14) 2-in-1 Laptop 14a-ca0504TU, Teal",HP,4 GB,64 GB,Celeron,14,Intel,4.2,"₹28,999"
"HP Laptop 35.6 cm (14) 14-gr1023TU, Silver",HP,16 GB,512 GB,i7,14,Intel,3.7,"₹87,999"
"HP ProBook 450 39.6 cm (15.6) G9 Business Laptop, Silver",HP,16 GB,1 TB,i5,15.6,Intel,4.4,"₹89,999"
"HP Victus 39.6 cm (15.6) Gaming Laptop 15, Blue",HP,16 GB,512 GB,Ryzen™ 5,15.6,AMD,4.3,"₹57,999"
"HP OMEN 40.9 cm (16.1) Gaming Laptop 16-xd0015AX, Black",HP,6GB,16 GB,Ryzen™ 7,16.1,Nvidia,4.5,"₹108,999"
"HP Laptop 39.6 cm (15.6) 15-fd0112TU, Silver",HP,8 GB,1 TB,i5,15.6,Intel,4.4,"₹55,999"
"HP Laptop 35.6 cm (14) 14-gr1022TU, Silver",HP,16 GB,512 GB,i5,14,Intel,3.7,"₹72,999"
"HP Laptop 39.6 cm (15.6) 15-fd0061TU, Silver",HP,8 GB,512 GB,i3,15.6,Intel,4.4,"₹40,534"
"HP 255 39.6 cm (15.6) G9 Business Laptop, Black",HP,4 GB,256 GB,NA,15.6,AMD,4.4,"₹27,999"
HP 250 39.6 cm (15.6) G9 Business Laptop PC,HP,8 GB,NA,i3,15.6,Intel,4.6,"₹37,999"
"HP Laptop 39.6 cm (15.6) 15-fd0220TU, Silver",HP,8 GB,8 GB,i5,15.6,Intel,4.4,"₹56,499"
"HP OMEN 40.9 cm (16.1) Gaming Laptop 16, Black",HP,16 GB,1TB,Ryzen™ 7,16.1,Nvidia,4.5,"₹120,999"
"HP Omnibook X Laptop 35.6 cm (14) 14-fe0121QU Next Gen AI PC, Silver",HP,16 GB,1 TB,NA,NA,Other,0.0,"₹139,999"
HP Pavilion Aero 33.8 cm (13) Laptop 13-bg0017AU,HP,16 GB,512 GB,Ryzen™ 7,13.3,AMD,4.5,"₹86,999"
"HP OMEN 40.9 cm (16.1) Gaming Laptop 16-wf0148TX, Black",HP,8GB,16 GB,i9,16.1,Nvidia,4.1,"₹165,506"
"HP Chromebook 35.6 cm (14) Laptop 14a-nf0014TU, Silver",HP,4 GB,64 GB,NA,14,Intel,0.0,"₹29,679"
"HP Chromebook x360 35.6 cm (14) Laptop 14b-cd0012TU, Silver",HP,8 GB,128 GB,NA,14,Intel,0.0,"₹40,279"
"HP Victus 39.6 cm (15.6) Gaming Laptop 15, Blue",HP,16 GB,512 GB,i5,15.6,Nvidia,4.3,"₹76,999"
HP ProBook 440 35.6 cm (14) G9 Business Laptop PC,HP,16 GB,NA,i7,14,Intel,0.0,"₹97,999"
"HP Victus 39.6 cm (15.6) Gaming Laptop 15-fa1276TX, Silver",HP,8GB,16 GB,i7,15.6,Nvidia,4.3,"₹105,999"
"HP Victus 39.6 cm (15.6) Gaming Laptop 15-fa1333TX, Silver",HP,8GB,16 GB,i7,15.6,Nvidia,4.3,"₹111,999"
"HP Chromebook 35.6 cm (14) Laptop 14a-nf0014TU, Silver",HP,4 GB,64 GB,NA,14,Intel,0.0,"₹29,679"
"HP Chromebook x360 35.6 cm (14) Laptop 14b-cd0014TU, Silver",HP,8 GB,256 GB,NA,14,Intel,0.0,"₹49,819"
"HP Laptop 39.6 cm (15.6) 15-fd0186TU, Silver",HP,8 GB,512 GB,i3,15.6,Intel,4.4,"₹42,599"
HP Pavilion Aero 33.8 cm (13) Laptop 13-bg0016AU,HP,16 GB,512 GB,Ryzen™ 5,13.3,AMD,4.5,"₹80,999"
HP ProBook 440 35.6 cm (14) G9 Business Laptop PC,HP,16 GB,NA,i7,14,Intel,4.4,"₹95,999"
"HP Victus 40.9 cm (16.1) Gaming Laptop 16, Blue",HP,16 GB,1 TB,i7,16.1,Nvidia,4.4,"₹101,999"
"HP ProBook 445 35.6 cm (14) G11 Business Laptop PC, Silver",HP,16 GB,512 GB,Ryzen™ 7,14,AMD,5.0,"₹102,590"
HP Omen Gaming Laptop 40.9 cm 16,HP,16 GB,1 TB,i7,16.1,Nvidia,4.6,"₹135,506"
"HP OMEN Transcend 35.6 cm (14) Gaming Laptop 14-fb0089TX, White",HP,16 GB,1 TB,Ultra 7,14,Nvidia,4.3,"₹161,506"
"HP 240 35.6 cm (14) G9 Business Laptop, Silver",HP,8 GB,512 GB,i3,14,Intel,4.2,"₹42,999"
HP ProBook 455 39.6 cm (15.6) G9 Business Laptop PC,HP,8 GB,NA,Ryzen™ 5,15.6,AMD,4.4,"₹49,999"
HP 240 35.6 cm (14) G9 Business Laptop PC,HP,8 GB,NA,i3,14,Intel,0.0,"₹51,999"
HP ProBook 445 35.6 cm (14) G10 Business Laptop PC,HP,8 GB,NA,Ryzen™ 5,14,AMD,4.6,"₹54,999"
"HP ProBook 440 35.6 cm (14) G9 Business Laptop, Silver",HP,8 GB,512 GB,i5,NA,Intel,4.3,"₹81,999"
HP Pavilion Laptop 39.6 cm (15.6) 15-eg3032TU - Silver,HP,16 GB,512 GB,i7,15.6,Intel,4.4,"₹84,999"
"HP Envy x360 39.6 cm (15.6) 2-in-1 Laptop 15-fe0027TU, Black",HP,16 GB,512 GB,i5,15.6,Intel,4.3,"₹90,999"
"HP Victus 40.9 cm (16.1) Gaming Laptop 16, Silver",HP,16 GB,512 GB,i7,16.1,Nvidia,4.4,"₹96,999"
"HP OMEN 40.9 cm (16.1) Gaming Laptop 16-xd0017AX, Black",HP,8GB,32 GB,Ryzen™ 7,16.1,Nvidia,4.5,"₹130,999"
HP 240 35.6 cm (14) G9 Business Laptop PC,HP,8 GB,NA,i3,14,Intel,0.0,"₹36,999"
"HP 250 39.6 cm (15.6) G9 Business Laptop, Silver",HP,16 GB,512 GB,i5,15.6,Intel,4.5,"₹59,733"
HP ProBook 450 39.6 cm (15.6) G9 Business Laptop PC,HP,8 GB,NA,i5,15.6,Intel,4.4,"₹59,999"
"HP Victus 39.6 cm (15.6) Gaming Laptop 15-fa0333TX, Blue",HP,16 GB,512 GB,i5,15.6,Nvidia,4.2,"₹70,114"
"HP Pavilion Plus 35.6 cm (14) Laptop 14-ew0115TU, Blue",HP,16 GB,512 GB,i5,14,Intel,0.0,"₹73,499"
"HP OMEN 40.9 cm (16.1) Gaming Laptop 16-wd0012TX, Black",HP,8GB,16 GB,i7,16.1,Nvidia,4.1,"₹129,999"
"HP OMEN 40.9 cm (16.1) Gaming Laptop 16-wf1095TX, Black",HP,6GB,16 GB,i7,16.1,Nvidia,4.6,"₹135,506"
HP Dragonfly 34.3 cm (13.5) G4 Business Laptop PC,HP,32 GB,NA,i7,13.5,Intel,4.6,"₹232,999"
"HP Chromebook x360 35.6 cm (14) Laptop 14b-cd0011TU, Silver",HP,4 GB,128 GB,NA,14,Intel,0.0,"₹36,039"
HP Laptop 39.6 cm (15.6) 15-fd0063TU - Silver,HP,8 GB,512 GB,i3,15.6,Intel,4.4,"₹41,999"
"HP Chromebook 35.6 cm (14) Laptop 14a-nf0017TU, Silver",HP,8 GB,256 GB,NA,14,Intel,0.0,"₹46,639"
"HP Chromebook x360 35.6 cm (14) Laptop 14b-cd0013TU, Silver",HP,8 GB,128 GB,NA,14,Intel,0.0,"₹47,699"
HP 240 35.6 cm (14) G9 Business Laptop PC,HP,8 GB,NA,i5,14,Intel,0.0,"₹50,999"
"HP Laptop 39.6 cm (15.6) 15-fd0070TU, Silver",HP,8 GB,512 GB,i5,15.6,Intel,4.4,"₹52,249"
HP ProBook 445 35.6 cm (14) G9 Business Laptop PC,HP,8 GB,NA,Ryzen™ 5,14,AMD,4.6,"₹62,999"
HP 240 35.6 cm (14) G9 Business Laptop PC,HP,8 GB,NA,i7,14,Intel,4.2,"₹64,999"
HP ProBook 440 35.6 cm (14) G9 Business Laptop PC,HP,8 GB,NA,i7,14,Intel,0.0,"₹80,999"
HP ProBook 445 35.6 cm (14) G9 Business Laptop PC,HP,16 GB,NA,Ryzen™ 5,14,AMD,4.6,"₹82,999"
HP ProBook 440 35.6 cm (14) G9 Business Laptop PC,HP,16 GB,NA,i5,14,Intel,4.4,"₹85,999"
"HP ProBook 440  35.6 cm (14) G9 Business Laptop, Silver",HP,16 GB,1 TB,i5,14,Intel,4.4,"₹91,999"
"HP Pro x360 435 33.8 cm (13.3) G10 2-in-1 Business Laptop, Silver",HP,16 GB,1 TB,Ryzen™ 5,13.3,AMD,3.0,"₹107,999"
"HP Envy x360 39.6 cm (15.6) 2-in-1 Laptop 15-fe0011TX, Black",HP,4GB,16 GB,i7,15.6,Nvidia,4.4,"₹127,999"
HP ProBook 445 35.6 cm (14) G9 Business Laptop PC,HP,16 GB,NA,Ryzen™ 5,14,AMD,4.6,"₹82,999"
HP Pavilion Laptop 39.6 cm (15.6) 15-eg3032TU - Silver,HP,16 GB,512 GB,i7,15.6,Intel,4.4,"₹84,999"
HP ProBook 440 35.6 cm (14) G9 Business Laptop PC,HP,16 GB,NA,i5,14,Intel,4.4,"₹85,999"
"HP ProBook 440  35.6 cm (14) G9 Business Laptop, Silver",HP,16 GB,1 TB,i5,14,Intel,4.4,"₹91,999"
"HP Pro x360 435 33.8 cm (13.3) G10 2-in-1 Business Laptop, Silver",HP,16 GB,1 TB,Ryzen™ 5,13.3,AMD,3.0,"₹107,999"
"HP Envy x360 39.6 cm (15.6) 2-in-1 Laptop 15-fe0011TX, Black",HP,4GB,16 GB,i7,15.6,Nvidia,4.4,"₹127,999"
HP Dragonfly 34.3 cm (13.5) G4 Business Laptop PC,HP,32 GB,NA,i7,13.5,Intel,4.6,"₹232,999"
"HP OMEN 40.9 cm (16.1) Gaming Laptop 16, Black",HP,8GB,32 GB,Ryzen™ 7,16.1,Nvidia,4.5,"₹163,999"
HP OmniBook Ultra Flip Laptop 14-fh0046TU,HP,32GB,1 TB,Ultra 7,14,Intel,0.0,"₹189,999"
"HP Victus 40.9 cm (16.1) Gaming Laptop 16, Blue",HP,8GB,16 GB,Ryzen™ 7,16.1,Nvidia,4.5,"₹145,999"
HP OmniBook Ultra Flip Laptop 14-fh0026TU,HP,16GB,1 TB,Ultra 7,14,Intel,0.0,"₹179,999"
HP OmniBook Ultra Flip Laptop 14-fh0029TU,HP,32GB,1 TB,Ultra 7,14,Intel,0.0,"₹189,999"
"HP Spectre x360 35.6 cm (14) 2-in-1 Laptop OLED 14-eu0666TU, Black",HP,32 GB,1 TB,Ultra 7,14,Intel,4.1,"₹170,499"
"HP Laptop 39.6 cm (15.6) 15s-fq3066TU, Black",HP,8 GB,512 GB,Celeron,15.6,Intel,3.7,"₹30,949"
"HP Laptop 39.6 cm (15.6) 15s-eq2084AU, Silver",HP,16 GB,512 GB,Ryzen™ 7,15.6,AMD,4.2,"₹58,359"
"HP Laptop 39.6 cm (15.6) 15s-eq2305AU, Silver",HP,16 GB,512 GB,Ryzen™ 5,15.6,AMD,4.2,"₹45,924"
"HP Pavilion 39.6 cm (15.6) Laptop 15-eh1147AU, Silver",HP,16 GB,1 TB,Ryzen™ 7,NA,AMD,4.2,"₹62,999"
"HP Pavilion x360 35.6 cm (14) 2-in-1 Laptop 14-ek0183TU, Silver",HP,8 GB,512 GB,i3,14,Intel,4.0,"₹58,999"
"HP Pavilion 39.6 cm (15.6) Laptop 15-eg3018TU, Silver",HP,16 GB,8 GB,i5,15.6,Intel,4.4,"₹76,999"
HP ProBook 440 35.6 cm (14) G11 Business Laptop PC,HP,16 GB,1 TB,Ultra 7,14,Intel,4.1,"₹107,999"
HP ProBook 440 35.6 cm (14) G11 Business Laptop PC,HP,16 GB,512 GB,Ultra 5,14,Intel,4.1,"₹90,999"
HP Elite x360 830 33.8 cm (13) G10 2-in-1 Business Laptop PC,HP,32 GB,NA,i7,13.3,Intel,4.4,"₹134,999"
HP EliteBook 840 35.6 cm (14) G10 Business Laptop PC,HP,16 GB,NA,i7,14,Intel,4.4,"₹117,999"
HP EliteBook 840 35.6 cm (14) G10 Business Laptop PC,HP,32 GB,NA,i7,14,Intel,4.4,"₹123,999"
HP ZBook Firefly 35.6 cm (14) G11 Mobile Workstation PC,HP,32 GB,32 GB,Ultra 7,14,Intel,0.0,"₹148,999"
"HP Elite x360 1040 35.6 cm (14) G10 2-in-1 Business Laptop, Silver",HP,32 GB,1 TB,i7,14,Intel,4.6,"₹143,999"
"HP EliteBook 840 35.6 cm (14) G10 Business Laptop, Silver",HP,32 GB,1 TB,i7,14,Intel,4.4,"₹147,999"
HP ZBook Power 40.6 cm (16) G11 Mobile Workstation PC,HP,32 GB,1 TB,Ultra 9,16,Nvidia,0.0,"₹263,999"
HP ZBook Firefly 40.6 cm (16) G10 Mobile Workstation PC,HP,16 GB,512 GB,i5,16,Nvidia,4.5,"₹131,999"
"HP ZBook Firefly 40.6 cm (16) G10 Mobile Workstation PC, Silver",HP,16 GB,1 TB,i7,16,Intel,4.2,"₹148,999"
HP ZBook Power 39.6 cm (15.6) G10 Mobile Workstation PC,HP,16 GB,1 TB,i7,15.6,Nvidia,4.9,"₹173,499"
"HP ZBook Power 39.6 cm (15.6) G10 A Mobile Workstation PC, Silver",HP,32 GB,1 TB,Ryzen™ 7,15.6,Nvidia,0.0,"₹179,999"
HP ZBook Power 40.6 cm (16) G11 Mobile Workstation PC,HP,16 GB,1 TB,Ultra 7,16,Nvidia,0.0,"₹215,999"
HP ZBook Power 40.6 cm (16) G11 Mobile Workstation PC,HP,32 GB,1 TB,Ultra 7,16,Nvidia,0.0,"₹255,999"
HP ZBook Power 40.6 cm (16) G11 Mobile Workstation PC,HP,64 GB,1 TB,Ultra 9,16,Nvidia,0.0,"₹289,999"
HP ZBook Power 40.6 cm (16) G11 Mobile Workstation PC,HP,64 GB,1 TB,Ultra 9,16,Nvidia,0.0,"₹299,999"
"HP ZBook Fury 40.6 cm (16) G10 Mobile Workstation PC, Silver",HP,12 GB,32 GB,i7,NA,Nvidia,0.0,"₹379,999"
"HP Victus 39.6 cm (15.6) Gaming Laptop 15-fa1227TX, Blue",HP,4GB,16 GB,i5,15.6,Nvidia,4.3,"₹61,899"
"HP Victus 39.6 cm (15.6) Gaming Laptop 15-fa1307TX, Silver",HP,4GB,16 GB,i5,15.6,Nvidia,4.3,"₹70,499"
"HP ProBook 445 35.6 cm (14) G9 Business Laptop, Silver",HP,8 GB,512 GB,Ryzen™ 5,NA,AMD,4.6,"₹59,999"
"HP 250 39.6 cm (15.6) G9 Business Laptop, Silver",HP,16 GB,512 GB,i5,15.6,Intel,4.5,"₹60,999"
"HP Victus 39.6 cm (15.6)  Gaming Laptop 15-fb0106AX, Blue",HP,16 GB,512 GB,Ryzen™ 5,15.6,Nvidia,4.3,"₹63,048"
"HP Victus 39.6 cm (15.6) Gaming Laptop 15-fa0555TX, Blue",HP,16 GB,512 GB,i5,15.6,Nvidia,4.2,"₹72,649"
HP 245 35.6 cm (14) G9 Business Laptop PC,HP,8 GB,NA,Ryzen™ 5,15.6,AMD,0.0,"₹38,999"
HP 255 39.6 cm (15.6) G9 Business Laptop PC,HP,8 GB,NA,Ryzen™ 5,15.6,AMD,4.4,"₹39,499"
"HP Chromebook 35.6 cm (14) Laptop 14a-na1004TU, Silver",HP,4 GB,64 GB,Celeron,14,Intel,4.0,"₹26,999"
HP ProBook 440 35.6 cm (14) G9 Business Laptop PC,HP,8 GB,NA,i5,14,Intel,4.3,"₹64,999"
HP ProBook 450 39.6 cm (15.6) G9 Business Laptop PC,HP,8 GB,NA,i5,15.6,Intel,0.0,"₹65,499"
"HP Spectre x360 40.6 cm (16) 2-in-1 Laptop OLED 16-f2005TX, Blue",HP,32 GB,1 TB,i7,16,Intel,4.4,"₹195,999"
"HP 255 39.6 cm (15.6) G9 Business Laptop, Black",HP,8 GB,512 GB,Ryzen™ 3,15.6,AMD,4.4,"₹38,699"
HP 245 35.6 cm (14) G9 Business Laptop PC,HP,8 GB,NA,Ryzen™ 5,14,AMD,3.0,"₹38,999"
"HP 245 35.6 cm (14) G9 Business Laptop, Silver",HP,8 GB,512 GB,Ryzen™ 3,14,AMD,3.0,"₹39,999"
"HP 250 39.6 cm (15.6) G9 Business Laptop, Silver",HP,8 GB,512 GB,i3,15.6,Intel,4.6,"₹42,999"
"HP 255 39.6 cm (15.6) G8 Business Laptop, Silver",HP,8 GB,256 GB,Ryzen™ 5,15.6,AMD,4.5,"₹44,500"
HP 250 39.6 cm (15.6) G9 Business Laptop PC,HP,8 GB,NA,i5,15.6,Intel,4.6,"₹53,999"
HP 240 35.6 cm (14) G9 Business Laptop PC,HP,8 GB,NA,i7,14,Intel,0.0,"₹57,999"
"HP 240 35.6 cm (14) G9 Business Laptop, Silver",HP,8 GB,512 GB,i3,14,Intel,4.2,"₹58,999"
"HP 240 35.6 cm (14) G9 Business Laptop, Silver",HP,8 GB,512 GB,i5,14,Intel,4.2,"₹64,099"
"HP ProBook 440 35.6 cm (14)  G9 Business Laptop, Silver",HP,8 GB,512 GB,i5,14,Intel,4.3,"₹64,999"
HP ProBook 440 35.6 cm (14) G9 Business Laptop PC,HP,8 GB,NA,i5,14,Intel,0.0,"₹65,999"
